subject_id,unit_type,segment_kind,physicsKind,pendulum_E_J,pendulum_T_sec,pendulum_regime,total_time_T,show_T,fade_T,hide_T,total_time_sec,show_sec,fade_sec,hide_sec,w_max_deg,theta_actual_deg,theta_estimated_deg,delta_theta_deg,abs_delta_theta_deg,theta_actual_rad,theta_estimated_rad,delta_theta_rad,abs_delta_theta_rad,rt_estimate_sec
0009,pendulumPractice,practice,pendulum,40.179999999996035,4.765539303562046,oscillation,2.0952739463456105,1.9588780510239303,0.03147597584346458,0.10491991947821527,9.98511034303956,9.33511034303956,0.15,0.5,91.4325437375607,26.37484895803083,-90.74543887055727,-117.12028782858809,117.12028782858809,0.4603279540338337,-1.5838066894584686,-2.0441346434923022,2.0441346434923022,107.98909999999404
0009,pendulumStimulus,practice,pendulum,40.17999999997506,4.765539303561451,oscillation,1.7529795548681468,1.6165836595464498,0.031475975843468514,0.10491991947822837,8.35389296706381,7.70389296706381,0.15,0.5,91.43254373753005,49.58529416269328,-18.526813071655955,-68.11210723434925,68.11210723434922,0.8654266437089226,-0.32335388800192055,-1.1887805317108433,1.1887805317108429,10.87869999998808
0009,pendulumStimulus,practice,pendulum,40.17999999999322,4.765539303561966,oscillation,1.8237945013016612,1.687398605979979,0.031475975843465114,0.10491991947821704,8.691364377573262,8.041364377573261,0.15,0.5,91.4325437375566,62.86229601675341,68.98366607690598,6.12137006015257,6.121370060152557,1.0971540408556635,1.2039921031383292,0.10683806228266568,0.10683806228266547,13.185
0009,pendulumStimulus,practice,pendulum,40.18000000001689,4.7655393035626386,oscillation,1.9784077782452065,1.8420118829235435,0.03147597584346067,0.10491991947820224,9.428180025701568,8.778180025701568,0.15,0.5,91.43254373759119,-16.76939744904874,41.19511932372441,57.96451677277315,57.96451677277315,-0.2926811990614385,0.7189904679509308,1.0116716670123693,1.0116716670123693,12.6045
0009,pendulumStimulus,practice,pendulum,40.18000000000923,4.765539303562422,oscillation,1.8376174633659441,1.701221568044275,0.0314759758434621,0.104919919478207,8.757238246583086,8.107238246583085,0.15,0.5,91.43254373757999,9.572604023347033,26.257476915884865,16.684872892537836,16.68487289253783,0.16707345819706185,0.45827942544859707,0.29120596725153525,0.29120596725153514,9.98280000001192
0009,pendulumStimulus,practice,pendulum,40.179999999965936,4.765539303561192,oscillation,1.5741444571677967,1.4377485618460923,0.03147597584347023,0.10491991947823409,7.501647280116132,6.851647280116132,0.15,0.5,91.4325437375167,21.139276419510722,10.322507913152313,-10.816768506358407,10.81676850635841,0.36894997500966015,0.18016175014767674,-0.1887882248619834,0.18878822486198343,10.2205
0009,pendulumPractice,block,pendulum,29.88999999998622,4.509792396991528,oscillation,1.6042670213309358,1.4601362182293087,0.03326095456191391,0.11086984853971302,7.234911215542499,6.5849112155424985,0.15,0.5,76.26096482560952,50.1082550908679,6.547901137183841,-43.56035395368406,43.56035395368406,0.8745540337648552,0.11428243393893893,-0.7602715998259163,0.7602715998259163,7.280199999988079
0009,pendulumStimulus,block,pendulum,29.889999999997197,4.5097923969917675,oscillation,1.2282308213570319,1.0841000182554126,0.03326095456191214,0.11086984853970712,5.539066019906897,4.889066019906896,0.15,0.5,76.26096482562603,-40.52924805761589,-39.81806095482427,0.7111871027916209,0.7111871027916209,-0.7073688219629137,-0.6949562654214806,0.01241255654143314,0.01241255654143314,7.852899999976158
0009,pendulumStimulus,block,pendulum,29.889999999979736,4.5097923969913865,oscillation,1.9291202220292116,1.7849894189275801,0.03326095456191495,0.11086984853971649,8.699931710189674,8.049931710189673,0.15,0.5,76.26096482559977,-21.46900046223525,-11.828162554503075,9.640837907732177,9.640837907732175,-0.37470474517818964,-0.20644038103718187,0.16826436414100776,0.16826436414100773,7.7195
0009,pendulumStimulus,block,pendulum,29.890000000032458,4.509792396992538,oscillation,1.5107640541781588,1.3666332510765642,0.03326095456190645,0.11086984853968818,6.813232245182284,6.163232245182284,0.15,0.5,76.26096482567911,38.79815561505849,16.272100029245017,-22.52605558581347,22.526055585813474,0.6771555591838962,0.28400172172419114,-0.3931538374597051,0.3931538374597052,6.798399999976158
0009,pendulumStimulus,block,pendulum,29.890000000032646,4.509792396992542,oscillation,1.9836847730138256,1.839553969912231,0.033260954561906426,0.11086984853968808,8.946006507367628,8.296006507367627,0.15,0.5,76.26096482567938,38.82818202564798,24.12368398713873,-14.70449803850925,14.70449803850925,0.6776796189112386,0.42103771328620426,-0.25664190562503436,0.25664190562503436,5.76540000000596
0009,pendulumStimulus,block,pendulum,29.889999999960708,4.509792396990971,oscillation,1.9465743935824789,1.8024435904808342,0.033260954561918014,0.11086984853972671,8.778646400355573,8.128646400355573,0.15,0.5,76.26096482557114,-8.936345813583664,-2.562299674682438,6.374046138901226,6.374046138901226,-0.15596865754384634,-0.04472056574598813,0.11124809179785822,0.11124809179785822,11.44309999999404
0009,pendulumPractice,block,pendulum,47.53000000001536,4.999536822393265,oscillation,1.4336751405897785,1.3036630968563259,0.030002779323104457,0.10000926441034819,7.1677116567284385,6.517711656728438,0.15,0.5,102.26889899597953,31.188465362012128,45.483782750459774,14.295317388447646,14.295317388447653,0.5443414092113168,0.7938417652573254,0.24950035604600862,0.24950035604600873,7.44040000000596
0009,pendulumStimulus,block,pendulum,47.53000000000908,4.999536822393039,oscillation,1.9753936321757097,1.845381588442251,0.03000277932310581,0.10000926441035271,9.876053202783192,9.226053202783191,0.15,0.5,102.26889899597015,22.380127521448017,-17.654396600036804,-40.03452412148482,40.03452412148482,0.39060691226546573,-0.3081273481235347,-0.6987342603890004,0.6987342603890004,7.762
0009,pendulumStimulus,block,pendulum,47.530000000022945,4.999536822393536,oscillation,2.0264119140154846,1.896399870282039,0.030002779323102826,0.10000926441034276,10.13112098145738,9.48112098145738,0.15,0.5,102.26889899599088,26.459555489550343,26.25983092553319,-0.19972456401715374,0.19972456401715058,0.4618063619067935,0.458320510667584,-0.0034858512392095253,0.00348585123920947,9.190700000017882
0009,pendulumStimulus,block,pendulum,47.53000000003048,4.999536822393806,oscillation,1.9277708898115065,1.797758846078068,0.030002779323101206,0.10000926441033735,9.6379615487515,8.9879615487515,0.15,0.5,102.26889899600215,8.036227553784546,27.658353508832263,19.622125955047718,19.622125955047718,0.14025863025303,0.48272933440964955,0.3424707041566195,0.3424707041566195,10.066
0009,pendulumStimulus,block,pendulum,47.529999999998466,4.99953682239266,oscillation,1.4301148131306676,1.3001027693971992,0.030002779323108086,0.10000926441036029,7.14991166849597,6.49991166849597,0.15,0.5,102.26889899595427,53.89618761107818,62.811696850341264,8.915509239263086,8.915509239263086,0.9406659280858913,1.096270918803007,0.15560499071711575,0.15560499071711575,5.763300000011921
0009,pendulumStimulus,block,pendulum,47.52999999996631,4.999536822391507,oscillation,2.0623598189376056,1.9323477752041072,0.030002779323115004,0.10000926441038335,10.31084385579924,9.66084385579924,0.15,0.5,102.26889899590616,28.916561215799977,34.45288447616755,5.536323260367568,5.536323260367568,0.5046892015702041,0.6013162709183655,0.09662706934816134,0.09662706934816134,11.143199999988079
0009,pendulumPractice,block,pendulum,71.05000000002839,6.666037126457621,oscillation,1.5791521142162812,1.4816429063212126,0.02250212489886192,0.07500708299620641,10.526686621689775,9.876686621689775,0.15,0.5,144.34091230393238,60.823709974758096,78.59345074501847,17.769740770260377,17.769740770260377,1.0615740023376459,1.3717144860045627,0.3101404836669169,0.3101404836669169,8.360299999982118
0009,pendulumStimulus,block,pendulum,71.04999999998891,6.666037126451149,oscillation,1.6234428619427117,1.5259336540475488,0.022502124898883764,0.07500708299627921,10.821930390382224,10.171930390382224,0.15,0.5,144.34091230383345,-7.1679641830593575,3.9519856004667036,11.11994978352606,11.11994978352606,-0.12510457565941133,0.06897516071954912,0.19407973637896042,0.19407973637896042,16.210199999988077
0009,pendulumStimulus,block,pendulum,71.04999999997192,6.666037126448361,oscillation,1.9141946574600335,1.8166854495648295,0.022502124898893177,0.07500708299631059,12.760092653877686,12.110092653877686,0.15,0.5,144.34091230379082,-10.935532751273804,-50.80083770315386,-39.86530495188005,39.86530495188005,-0.190861051969402,-0.8866418806913086,-0.6957808287219065,0.6957808287219065,6.597900000005961
0009,pendulumStimulus,block,pendulum,71.05000000002539,6.66603712645713,oscillation,1.418155343497222,1.3206461356021464,0.022502124898863576,0.07500708299621192,9.453476170836046,8.803476170836046,0.15,0.5,144.3409123039249,-37.58002754529976,-33.02803863331248,4.5519889119872765,4.5519889119872765,-0.6558952136556432,-0.5764480196271908,0.07944719402845235,0.07944719402845235,13.443
0009,pendulumStimulus,block,pendulum,71.05000000002518,6.6660371264570975,oscillation,1.33359114266192,1.236081934766844,0.022502124898863687,0.0750070829962123,8.889768068498702,8.239768068498702,0.15,0.5,144.34091230392437,-22.579939845703727,12.143059397109479,34.7229992428132,34.7229992428132,-0.39409429520979045,0.21193636774479802,0.6060306629545884,0.6060306629545884,19.992199999988078
0009,pendulumStimulus,block,pendulum,71.04999999998378,6.666037126450307,oscillation,1.424234091762603,1.3267248838674277,0.02250212489888661,0.0750070829962887,9.493997332445746,8.843997332445745,0.15,0.5,144.34091230382057,3.788609952453784,-15.43515579004579,-19.223765742499577,19.223765742499577,0.06612371774414436,-0.26939428909456564,-0.33551800683871,0.33551800683871,5.341599999994039
0009,pendulumPractice,block,pendulum,62.230000000002704,5.7326025789072785,oscillation,1.5409545177527149,1.4275679728016257,0.02616612575794366,0.08722041919314553,8.833679842448035,8.183679842448035,0.15,0.5,125.97980059747913,30.46580531563391,-31.424840550412046,-61.89064586604595,61.89064586604595,0.531728612029402,-0.5484669345189173,-1.0801955465483193,1.0801955465483193,26.06520000001788
0009,pendulumStimulus,block,pendulum,62.23000000003663,5.7326025789097095,oscillation,1.2396302859697388,1.1262437410186976,0.026166125757932566,0.08722041919310855,7.106307774244705,6.456307774244705,0.15,0.5,125.97980059754039,-78.68628215905682,-82.21714030530562,-3.5308581462488045,3.5308581462488045,-1.3733346998288138,-1.434959799901719,-0.06162510007290511,0.06162510007290511,12.259099999994039
0009,pendulumStimulus,block,pendulum,62.23000000001022,5.732602578907816,oscillation,1.4753744305044683,1.3619878855533898,0.026166125757941208,0.08722041919313736,8.457735265164565,7.807735265164565,0.15,0.5,125.97980059749267,-30.66413352680134,-51.84276359272643,-21.17863006592508,21.17863006592509,-0.5351900923138643,-0.9048269180261207,-0.36963682571225637,0.36963682571225653,15.54209999999404
0009,pendulumStimulus,block,pendulum,62.23000000002951,5.732602578909199,oscillation,2.0050723814338443,1.891685836482793,0.026166125757934894,0.08722041919311632,11.494283104707264,10.844283104707264,0.15,0.5,125.97980059752753,51.29099467354033,40.148884692643215,-11.142109980897114,11.142109980897114,0.8951967336761528,0.7007302288901757,-0.19446650478597713,0.19446650478597713,15.51340000000596
0009,pendulumStimulus,block,pendulum,62.23000000001853,5.732602578908413,oscillation,1.696110574615017,1.5827240296639502,0.026166125757938485,0.08722041919312828,9.723127854151876,9.073127854151876,0.15,0.5,125.9798005975077,-86.56923082306257,-76.96841859213308,9.600812230929497,9.600812230929497,-1.5109181087814025,-1.3433523244859407,0.1675657842954619,0.1675657842954619,8.576399999976157
0009,pendulumStimulus,block,pendulum,62.23000000003765,5.732602578909782,oscillation,1.271074491872254,1.1576879469212145,0.026166125757932233,0.08722041919310744,7.286564910093325,6.636564910093325,0.15,0.5,125.97980059754222,-69.80790913695813,-60.53525715690988,9.272651980048252,9.272651980048252,-1.2183778583729525,-1.056539550929539,0.16183830744341354,0.16183830744341354,4.8845
0009,pendulumPractice,block,pendulum,32.83000000000031,4.576276236944271,oscillation,1.993892454922456,1.8518555746413767,0.032777741603325916,0.10925913867775304,9.124602660484111,8.474602660484111,0.15,0.5,80.64796494243731,-53.96126435945045,-15.753630665470261,38.2076336939802,38.2076336939802,-0.9418017316114793,-0.2749527242556014,0.666849007355878,0.666849007355878,5.236300000011921
0009,pendulumStimulus,block,pendulum,32.82999999996641,4.576276236943478,oscillation,2.070650064301027,1.9286131840199232,0.03277774160333159,0.10925913867777198,9.475866684286274,8.825866684286273,0.15,0.5,80.64796494238709,-37.57901695946378,-45.92289325931294,-8.343876299849157,8.343876299849164,-0.6558775756054315,-0.8015056894169209,-0.14562811381148943,0.14562811381148955,4.893799999982119
0009,pendulumStimulus,block,pendulum,32.829999999988694,4.5762762369439995,oscillation,1.500556064684209,1.3585191844031215,0.03277774160332786,0.10925913867775953,6.866959061016549,6.216959061016548,0.15,0.5,80.64796494242009,11.211716352826558,24.73328796376191,13.521571610935352,13.521571610935352,0.19568136515651371,0.4316773098115293,0.2359959446550156,0.2359959446550156,6.028299999982119
0009,pendulumStimulus,block,pendulum,32.829999999990534,4.576276236944042,oscillation,1.929751490390192,1.7877146101091057,0.032777741603327554,0.10925913867775852,8.831075888679985,8.181075888679985,0.15,0.5,80.64796494242282,22.742766857927624,-6.675499914479369,-29.418266772406994,29.418266772406994,0.3969361626842825,-0.11650945272426488,-0.5134456154085474,0.5134456154085474,4.297800000011921
0009,pendulumStimulus,block,pendulum,32.82999999998777,4.576276236943978,oscillation,1.4413116475644383,1.2992747672833502,0.03277774160332801,0.10925913867776005,6.595840242779714,5.945840242779713,0.15,0.5,80.64796494241874,-17.447643672828658,-18.03428992447446,-0.586646251645804,0.5866462516458008,-0.30451882880561637,-0.31475773744131885,-0.010238908635702483,0.010238908635702426,6.369800000011921
0009,pendulumStimulus,block,pendulum,32.82999999998203,4.576276236943843,oscillation,1.754829290470378,1.6127924101892859,0.032777741603328976,0.10925913867776327,8.030583581872616,7.380583581872616,0.15,0.5,80.64796494241023,-44.21947324871325,-36.259135019721676,7.960338228991574,7.960338228991574,-0.7717754016875996,-0.6328412900193223,0.1389341116682773,0.1389341116682773,3.3350999999940396
0009,pendulumPractice,block,pendulum,6.370000000006273,4.099668686115822,oscillation,2.065559333870973,1.9070099364034832,0.03658832249249769,0.12196107497499231,8.468108920385085,7.818108920385085,0.15,0.5,33.12294020776056,-9.25017888014287,-10.94153095744987,-1.691352077307,1.691352077307,-0.16144607785693502,-0.19096574041638784,-0.029519662559452816,0.029519662559452816,5.1595
0009,pendulumStimulus,block,pendulum,6.369999999987932,4.099668686115564,oscillation,1.43726722521787,1.27871782775037,0.0365883224925,0.121961074975,5.8923194368059075,5.242319436805907,0.15,0.5,33.1229402077115,12.53354284175737,-12.91340115476316,-25.44694399652053,25.446943996520535,0.21875158952843274,-0.22538136778145498,-0.4441329573098877,0.4441329573098878,4.2119000000059605
0009,pendulumStimulus,block,pendulum,6.369999999994958,4.099668686115663,oscillation,2.1059342247721275,1.9473848273046315,0.03658832249249911,0.12196107497499703,8.633632596317556,7.983632596317556,0.15,0.5,33.122940207730295,-13.008300775285049,-3.9249406626225993,9.083360112662449,9.083360112662449,-0.2270376786184551,-0.06850313750817229,0.1585345411102828,0.1585345411102828,6.5178000000119205
0009,pendulumStimulus,block,pendulum,6.37000000000266,4.099668686115772,oscillation,1.9462552219450902,1.787705824477598,0.036588322492498146,0.12196107497499381,7.979001588597587,7.3290015885975865,0.15,0.5,33.122940207750894,8.187219555400482,3.924955588314514,-4.2622639670859686,4.2622639670859686,0.14289393782540472,0.06850339801063934,-0.07439053981476537,0.07439053981476537,5.6239000000059605
0009,pendulumStimulus,block,pendulum,6.369999999993782,4.099668686115646,oscillation,1.8947982413050264,1.7362488438375294,0.03658832249249926,0.12196107497499754,7.768045016385215,7.1180450163852145,0.15,0.5,33.12294020772714,13.930854928120278,11.86843629083447,-2.062418637285807,2.062418637285807,0.24313928611337682,0.2071432903382448,-0.03599599577513202,0.03599599577513202,5.652300000011921
0009,pendulumStimulus,block,pendulum,6.370000000010947,4.099668686115888,oscillation,2.0849404877338937,1.9263910902664065,0.036588322492497105,0.12196107497499035,8.547565229977831,7.897565229977832,0.15,0.5,33.12294020777306,-13.202334083018428,-8.671524434215202,4.530809648803227,4.530809648803227,-0.23042419869693795,-0.1513466525441937,0.07907754615274426,0.07907754615274426,3.8489000000059606
0009,pendulumPractice,block,pendulum,73.98999999998722,7.287546664124052,oscillation,1.541931073547038,1.4527378196362406,0.020583058594799364,0.06861019531599788,11.236894651336934,10.586894651336934,0.15,0.5,152.56075984927833,38.811639746866824,35.113270356661936,-3.698369390204888,3.6983693902048818,0.6773909016807246,0.6128421788666744,-0.06454872281405022,0.06454872281405011,8.805
0009,pendulumStimulus,block,pendulum,73.98999999995019,7.287546664113755,oscillation,2.0353864982191565,1.9461932443082333,0.020583058594828445,0.06861019531609482,14.832974085279192,14.182974085279191,0.15,0.5,152.5607598491609,63.603975567497855,51.85397596350354,-11.749999603994322,11.749999603994322,1.1100987910108664,0.9050226108131356,-0.2050761801977308,0.2050761801977308,7.820100000023841
0009,pendulumStimulus,block,pendulum,73.98999999997076,7.287546664119479,oscillation,1.0999416104915876,1.0107483565807343,0.020583058594812277,0.06861019531604093,8.015875814264177,7.365875814264176,0.15,0.5,152.56075984922617,15.606518026972914,26.787130932648445,11.180612905675533,11.180612905675533,0.27238512434252654,0.46752363193753477,0.19513850759500823,0.19513850759500823,5.314100000023842
0009,pendulumStimulus,block,pendulum,73.99000000001081,7.287546664130614,oscillation,1.901056255346712,1.811863001435995,0.020583058594780827,0.0686101953159361,13.854036171976569,13.204036171976568,0.15,0.5,152.56075984935316,-85.27386139204597,-59.120572788713076,26.153288603332904,26.153288603332904,-1.4883096471804773,-1.031848650828009,0.45646099635246834,0.45646099635246834,5.897800000011921
0009,pendulumStimulus,block,pendulum,73.99000000000925,7.28754666413018,oscillation,1.492717148403259,1.4035238944925368,0.020583058594782055,0.06861019531594019,10.878245875336086,10.228245875336086,0.15,0.5,152.56075984934822,-9.690633639497712,7.7251373453635255,17.415770984861236,17.415770984861236,-0.16913346361375628,0.13482908184536782,0.3039625454591241,0.3039625454591241,5.084300000011921
0009,pendulumStimulus,block,pendulum,73.9899999999484,7.287546664113255,oscillation,1.444513464013875,1.3553202101029456,0.020583058594829857,0.06861019531609953,10.526959275940998,9.876959275940997,0.15,0.5,152.5607598491552,31.092633592606887,24.321901453857254,-6.770732138749633,6.7707321387496355,0.5426688293071834,0.4244972607154048,-0.11817156859177863,0.11817156859177869,5.675699999988079
0009,pendulumPractice,block,pendulum,12.250000000006022,4.186465708941584,oscillation,2.0709551666674364,1.9156929370947182,0.035829745286011856,0.11943248428670619,8.669982790008625,8.019982790008624,0.15,0.5,46.567463442222355,3.3852789353552213,10.784292907801431,7.399013972446209,7.399013972446209,0.05908426352035689,0.18822141874060824,0.12913715522025135,0.12913715522025135,5.095900000005961
0009,pendulumStimulus,block,pendulum,12.24999999999674,4.186465708941439,oscillation,2.063926319433118,1.9086640898603946,0.0358297452860131,0.11943248428671033,8.640556762088464,7.990556762088463,0.15,0.5,46.56746344220366,-5.194149786510879,-8.565108720901504,-3.370958934390626,3.3709589343906243,-0.09065501561637539,-0.14948934797101132,-0.058834332354635935,0.05883433235463591,9.048599999994039
0009,pendulumStimulus,block,pendulum,12.250000000013213,4.186465708941695,oscillation,1.9522532877323335,1.7969910581596196,0.035829745286010906,0.11943248428670303,8.173041444260098,7.523041444260098,0.15,0.5,46.56746344223683,-3.171532555301032,-6.222322601153099,-3.0507900458520676,3.050790045852068,-0.05535368542419214,-0.10860001651137949,-0.053246331087187355,0.05324633108718736,10.0025
0009,pendulumStimulus,block,pendulum,12.249999999999046,4.186465708941475,oscillation,2.067367150056848,1.9121049204841256,0.035829745286012786,0.11943248428670929,8.654961681505059,8.004961681505058,0.15,0.5,46.56746344220831,5.863676710915447,0.975991007310457,-4.88768570360499,4.88768570360499,0.10234046487798627,0.01703425654742352,-0.08530620833056275,0.08530620833056275,3.7299000000059603
0009,pendulumStimulus,block,pendulum,12.249999999992111,4.186465708941368,oscillation,1.535189921110613,1.3799276915378869,0.0358297452860137,0.11943248428671235,6.427019961441985,5.777019961441985,0.15,0.5,46.567463442194345,-20.872063152716336,-23.10871820933395,-2.236655056617616,2.236655056617616,-0.3642862236990881,-0.40332321866844567,-0.039036994969357586,0.039036994969357586,5.565700000017881
0009,pendulumStimulus,block,pendulum,12.250000000015056,4.186465708941723,oscillation,1.616881375740945,1.461619146168232,0.03582974528601066,0.11943248428670221,6.769018434965984,6.119018434965984,0.15,0.5,46.56746344224054,-6.655858035288642,2.553520995866942,9.209379031155585,9.209379031155585,-0.11616663726110774,0.04456734889668265,0.1607339861577904,0.1607339861577904,4.355900000005961
0009,pendulumPractice,block,pendulum,38.710000000005415,4.724659585307572,oscillation,1.6183158018219943,1.480739752529189,0.031748319067570474,0.10582773022523491,7.645991265132995,6.995991265132995,0.15,0.5,89.28378410381298,37.289042787434106,29.67003496725216,-7.619007820181945,7.619007820181945,0.6508165715577692,0.5178397993603981,-0.13297677219737103,0.13297677219737103,2.9946999999880792
0009,pendulumStimulus,block,pendulum,38.71000000001096,4.724659585307723,oscillation,1.5049117019924951,1.367335652699694,0.03174831906756946,0.10582773022523154,7.110195497860602,6.460195497860601,0.15,0.5,89.28378410382108,-55.16179730935197,-31.909714027969322,23.252083281382646,23.252083281382653,-0.9627549843659409,-0.5569295731578866,0.40582541120805427,0.40582541120805443,4.099299999982119
0009,pendulumStimulus,block,pendulum,38.70999999999948,4.7246595853074105,oscillation,1.5777580143011882,1.440181965008378,0.031748319067571557,0.10582773022523853,7.4543695255636955,6.804369525563695,0.15,0.5,89.28378410380431,33.41524051754599,26.872149452641104,-6.543091064904885,6.543091064904883,0.5832059673769915,0.46900748503657924,-0.11419848234041223,0.1141984823404122,4.830600000023842
0009,pendulumStimulus,block,pendulum,38.70999999997194,4.72465958530666,oscillation,1.9015481566138561,1.763972107321024,0.0317483190675766,0.10582773022525535,8.984167725067865,8.334167725067864,0.15,0.5,89.28378410376405,34.466005632658145,32.266870853347804,-2.1991347793103357,2.1991347793103424,0.6015452783007958,0.5631631357067116,-0.038382142594084234,0.038382142594084345,4.561
0009,pendulumStimulus,block,pendulum,38.709999999996036,4.724659585307316,oscillation,1.3013902931533556,1.1638142438605428,0.031748319067572195,0.10582773022524064,6.1486261227729,5.4986261227729,0.15,0.5,89.28378410379926,-52.19051007601923,-57.44462918835285,-5.254119112333629,5.254119112333623,-0.9108962391218115,-1.0025979169239951,-0.09170167780218362,0.09170167780218352,7.669199999988079
0009,pendulumStimulus,block,pendulum,38.709999999957844,4.724659585306276,oscillation,1.4800897413924443,1.342513692099601,0.03174831906757918,0.10582773022526394,6.9929201837832995,6.342920183783299,0.15,0.5,89.28378410374344,-48.28297275055967,-51.87578589129435,-3.5928131407346813,3.5928131407346875,-0.842696847147969,-0.9054032658627076,-0.06270641871473859,0.0627064187147387,3.616899999976158
0009,pendulumPractice,block,pendulum,56.35000000002807,5.3767060266255395,oscillation,1.525979931526303,1.405088070081547,0.0278981218718668,0.09299373957288934,8.204745494347101,7.5547454943471015,0.15,0.5,115.94447977241562,60.91257966792108,54.84467557488539,-6.067904093035695,6.067904093035695,1.0631250710885771,0.9572201659698639,-0.10590490511871321,0.10590490511871321,3.4219000000059605
0009,pendulumStimulus,block,pendulum,56.35000000002036,5.3767060266251425,oscillation,2.006851506712341,1.885959645267576,0.02789812187186886,0.0929937395728962,10.790250590681993,10.140250590681992,0.15,0.5,115.94447977240308,0.07988644703067395,-12.957571900914468,-13.037458347945142,13.037458347945144,0.0013942815284053078,-0.2261522927348579,-0.22754657426326322,0.22754657426326325,8.15
0009,pendulumStimulus,block,pendulum,56.34999999999362,5.376706026623766,oscillation,1.962752767432938,1.841860905988142,0.027898121871876003,0.09299373957292001,10.553144633429152,9.903144633429152,0.15,0.5,115.94447977235963,-37.27472471567413,-39.4363331542479,-2.1616084385737677,2.1616084385737677,-0.6505666740630208,-0.6882938584550267,-0.03772718439200584,0.03772718439200584,6.272099999994039
0009,pendulumStimulus,block,pendulum,56.35000000001985,5.376706026625118,oscillation,1.5169958624192124,1.3961040009744465,0.027898121871868988,0.09299373957289662,8.156440795834747,7.506440795834746,0.15,0.5,115.94447977240227,-12.979693879745193,-24.06214342644064,-11.082449546695448,11.082449546695448,-0.22653839410251056,-0.41996362787849917,-0.1934252337759886,0.1934252337759886,4.123599999994039
0009,pendulumStimulus,block,pendulum,56.34999999998225,5.3767060266231805,oscillation,1.5056005502720406,1.3847086888272315,0.02789812187187904,0.09299373957293014,8.095171552334858,7.445171552334858,0.15,0.5,115.94447977234115,29.774502142827124,29.501842855036145,-0.2726592877909775,0.2726592877909775,0.5196630955344402,0.5149042932263449,-0.0047588023080953334,0.0047588023080953334,4.629899999976158
0009,pendulumStimulus,block,pendulum,56.35000000000241,5.376706026624219,oscillation,1.4663419488952305,1.3454500874504447,0.02789812187187365,0.09299373957291218,7.8840895937168884,7.234089593716888,0.15,0.5,115.94447977237394,53.67925650242919,55.5119130250862,1.832656522657008,1.8326565226570015,0.9368797659899649,0.9688656563684798,0.03198589037851485,0.031985890378514736,3.928300000011921
0009,pendulumPractice,block,pendulum,50.46999999999986,5.1106799991682905,oscillation,2.1258911729887227,1.998706532176584,0.029350301725878145,0.09783433908626049,10.864749498201881,10.214749498201881,0.15,0.5,106.70834371565503,39.95469502016227,34.789135281720476,-5.165559738441791,5.165559738441791,0.6973409797320137,0.6071849545877473,-0.09015602514426635,0.09015602514426635,3.109300000011921
0009,pendulumStimulus,block,pendulum,50.46999999998043,5.110679999167516,oscillation,1.404130059490382,1.276945418678224,0.029350301725882592,0.09783433908627531,7.17605941126739,6.52605941126739,0.15,0.5,106.70834371562538,51.58795281340895,32.93869285517728,-18.649259958231674,18.649259958231667,0.9003796309574581,0.5748886416259752,-0.32549098933148285,0.32549098933148274,3.526899999976158
0009,pendulumStimulus,block,pendulum,50.47000000003209,5.1106799991695775,oscillation,1.4157488930135744,1.2885642522014678,0.029350301725870755,0.09783433908623584,7.235439551370945,6.5854395513709445,0.15,0.5,106.70834371570423,-13.430088616938392,-24.9864237938977,-11.556335176959308,11.556335176959308,-0.23439926520018645,-0.43609536350216793,-0.20169609830198149,0.20169609830198149,5.103299999982118
0009,pendulumStimulus,block,pendulum,50.46999999998398,5.110679999167657,oscillation,1.953400982274141,1.8262163414619863,0.02935030172588178,0.0978343390862726,9.983207330462907,9.333207330462907,0.15,0.5,106.7083437156308,52.04384669123351,61.46154787482501,9.417701183591495,9.417701183591495,0.9083364801651814,1.07270637378782,0.16436989362263857,0.16436989362263857,8.69859999999404
0009,pendulumStimulus,block,pendulum,50.469999999967385,5.110679999166994,oscillation,1.6051754895229313,1.4779908487107605,0.029350301725885593,0.0978343390862853,8.203538269457933,7.553538269457934,0.15,0.5,106.70834371560547,-25.605592888652534,-30.74461890861753,-5.139026019964995,5.139026019964995,-0.44690190283223247,-0.5365948272262815,-0.08969292439404902,0.08969292439404902,6.924200000017882
0009,pendulumStimulus,block,pendulum,50.46999999998184,5.110679999167571,oscillation,1.1669006954975705,1.0397160546854138,0.029350301725882277,0.09783433908627426,5.963656045494162,5.313656045494161,0.15,0.5,106.70834371562752,14.576283012321742,14.106804098403108,-0.46947891391863456,0.46947891391863456,0.2544041312675316,0.24621017845096438,-0.008193952816567207,0.008193952816567207,3.5971999999880793
0009,pendulumPractice,block,pendulum,3.429999999994248,4.059199382272226,oscillation,1.8167153376684495,1.6565852384082973,0.03695309982926589,0.12317699943088631,7.374409776428249,6.724409776428248,0.15,0.5,24.146847996481835,10.03282023494995,6.721354545907725,-3.3114656890422256,3.3114656890422256,0.1751057463605877,0.11730976701997815,-0.057795979340609545,0.057795979340609545,3.557
0009,pendulumStimulus,block,pendulum,3.430000000005283,4.059199382272375,oscillation,1.3175026149087496,1.1573725156486034,0.03695309982926453,0.12317699943088177,5.348005800579836,4.6980058005798355,0.15,0.5,24.14684799652127,-15.804684335730999,-15.383294843316179,0.4213894924148166,0.4213894924148166,-0.2758437788968788,-0.26848914482093256,0.00735463407594622,0.00735463407594622,4.846800000011921
0009,pendulumStimulus,block,pendulum,3.4299999999905184,4.059199382272176,oscillation,2.0667500103422434,1.906619911082089,0.03695309982926634,0.1231769994308878,8.389350365292248,7.739350365292247,0.15,0.5,24.14684799646851,-8.939987045914618,-3.557850385357857,5.382136660556761,5.382136660556761,-0.15603220903685155,-0.06209620351784365,0.09393600551900791,0.09393600551900791,4.213400000005961
0009,pendulumStimulus,block,pendulum,3.4299999999964976,4.059199382272256,oscillation,1.9443108305399266,1.7841807312797755,0.03695309982926562,0.12317699943088539,7.892345322272927,7.242345322272927,0.15,0.5,24.146847996489875,14.743385910402678,11.715998947572498,-3.02738696283018,3.02738696283018,0.2573206270286684,0.2044827567953306,-0.05283787023333783,0.05283787023333783,27.29359999999404
0009,pendulumStimulus,block,pendulum,3.4299999999974493,4.059199382272269,oscillation,2.045724151522755,1.8855940522626042,0.03695309982926549,0.12317699943088498,8.30400221216063,7.654002212160629,0.15,0.5,24.14684799649328,-1.096187167342022,4.7718830582900855,5.868070225632108,5.868070225632108,-0.019132075288228342,0.08328507088729849,0.10241714617552683,0.10241714617552683,5.287
0009,pendulumStimulus,block,pendulum,3.4299999999947888,4.059199382272234,oscillation,1.4259986715455508,1.2658685722853988,0.03695309982926582,0.12317699943088606,5.788412926658726,5.1384129266587255,0.15,0.5,24.14684799648376,15.13913955312472,14.250033502517498,-0.8891060506072215,0.8891060506072215,0.26422783112092935,0.24871000313843,-0.015517827982499344,0.015517827982499344,4.9597000000178815
0009,pendulumPractice,block,pendulum,24.00999999998816,4.389243040716453,oscillation,2.134647300802682,1.9865579847246408,0.03417445755647097,0.1139148585215699,9.369485809432332,8.719485809432332,0.15,0.5,67.20096872809242,-11.109793807770515,-7.283293113473556,3.826500694296958,3.826500694296958,-0.19390248116327347,-0.12711744521794255,0.06678503594533092,0.06678503594533092,3.106600000023842
0009,pendulumStimulus,block,pendulum,24.01000000002847,4.389243040717229,oscillation,1.3917387298871948,1.2436494138091803,0.03417445755646493,0.11391485852154976,6.108679534654006,5.458679534654006,0.15,0.5,67.20096872815633,10.683605029702232,7.893638748852009,-2.789966280850223,2.789966280850223,0.18646408375093051,0.1377699861304733,-0.04869409762045721,0.04869409762045721,4.4315
0009,pendulumStimulus,block,pendulum,24.01000000000843,4.389243040716843,oscillation,1.6458992239651589,1.497809907887131,0.03417445755646793,0.11391485852155978,7.224251714510325,6.574251714510325,0.15,0.5,67.20096872812455,27.94023393145211,23.185718011100036,-4.754515920352074,4.754515920352074,0.4876490758812789,0.40466711873264677,-0.08298195714863217,0.08298195714863217,3.7585999999940394
0009,pendulumStimulus,block,pendulum,24.00999999998964,4.389243040716481,oscillation,1.7061110256338001,1.55802170955576,0.03417445755647075,0.11391485852156916,7.488535945952815,6.838535945952815,0.15,0.5,67.20096872809476,37.61133834808362,33.96407996202708,-3.647258386056541,3.647258386056541,0.6564416902556642,0.5927850227480032,-0.06365666750766108,0.06365666750766108,8.654800000011921
0009,pendulumStimulus,block,pendulum,24.010000000019744,4.38924304071706,oscillation,1.4027986774319097,1.254709361353889,0.03417445755646624,0.11391485852155413,6.1572243324451055,5.507224332445105,0.15,0.5,67.20096872814248,3.114497737694309,10.673975203104556,7.559477465410247,7.559477465410246,0.05435824006868039,0.18629601157040496,0.13193777150172456,0.13193777150172453,8.25159999999404
0009,pendulumStimulus,block,pendulum,24.01000000000089,4.389243040716698,oscillation,1.6971718327706113,1.5490825166925788,0.03417445755646906,0.11391485852156354,7.44929965588881,6.7992996558888095,0.15,0.5,67.20096872811261,43.2091406963908,40.791612586129666,-2.4175281102611335,2.4175281102611335,0.754141772109495,0.7119479468259217,-0.042193825283573294,0.042193825283573294,3.3285
0009,pendulumPractice,block,pendulum,68.10999999999584,6.263260624859122,oscillation,1.4553970942649574,1.3516172838862985,0.023949187010459734,0.07983062336819911,9.115531314044087,8.465531314044087,0.15,0.5,137.51888712455863,56.028963380129966,51.26264079413058,-4.766322585999384,4.766322585999384,0.9778898874625992,0.8947018651247394,-0.08318802233785984,0.08318802233785984,5.86609999999404
0009,pendulumStimulus,block,pendulum,68.10999999999103,6.2632606248585665,oscillation,1.9952820028554326,1.8915021924767643,0.023949187010461857,0.07983062336820619,12.496971203973368,11.846971203973368,0.15,0.5,137.51888712454823,80.82659490515219,76.67547227338486,-4.151122631767334,4.151122631767334,1.4106902042705796,1.3382394466921874,-0.07245075757839214,0.07245075757839214,7.030700000017881
0009,pendulumStimulus,block,pendulum,68.10999999999925,6.263260624859514,oscillation,2.0965848836492267,1.9928050732705742,0.023949187010458232,0.07983062336819412,13.131457548435867,12.481457548435866,0.15,0.5,137.51888712456602,-63.75990064224623,-67.52987116244917,-3.769970520202939,3.769970520202939,-1.1128201969516438,-1.1786185952323085,-0.0657983982806647,0.0657983982806647,4.242700000017882
0009,pendulumStimulus,block,pendulum,68.11000000000854,6.263260624860589,oscillation,1.409783742288434,1.3060039319097996,0.023949187010454124,0.07983062336818042,8.829843002643758,8.179843002643757,0.15,0.5,137.51888712458612,-47.91244812422147,-4.1065013587226975,43.805946765498774,43.80594676549878,-0.8362299724586457,-0.07167196944733184,0.7645580030113139,0.764558003011314,12.733700000017881
0009,pendulumStimulus,block,pendulum,68.10999999996409,6.263260624855456,oscillation,1.340448604096119,1.2366687937173992,0.02394918701047375,0.07983062336824584,8.395578961677682,7.745578961677681,0.15,0.5,137.5188871244899,93.60661272971664,73.85065440674025,-19.7559583229764,19.7559583229764,1.6337435937727924,1.288937074150077,-0.3448065196227155,0.3448065196227155,7.684
0009,pendulumStimulus,block,pendulum,68.11000000000519,6.263260624860201,oscillation,1.5438451041843149,1.4400652938056737,0.02394918701045561,0.07983062336818536,9.669504251920813,9.019504251920813,0.15,0.5,137.51888712457887,-2.786671374522933,-19.51586874271166,-16.72919736818873,16.729197368188725,-0.04863659065650121,-0.3406161659473646,-0.2919795752908634,0.2919795752908633,5.444199999988079
0009,pendulumPractice,block,pendulum,53.410000000025775,5.2352525476081615,oscillation,1.3925003820964548,1.268342092866078,0.028651912899317674,0.09550637633105892,7.290091172915803,6.6400911729158025,0.15,0.5,111.25380918540012,-12.892953092927115,-12.019622185174006,0.8733309077531083,0.8733309077531101,-0.22502448177676457,-0.20978198197704195,0.015242499799722614,0.015242499799722644,4.265799999982119
0009,pendulumStimulus,block,pendulum,53.41000000000799,5.235252547607361,oscillation,1.4367389741288168,1.3125806848984212,0.028651912899322052,0.09550637633107352,7.521691374554675,6.871691374554675,0.15,0.5,111.2538091853722,-47.30007315479731,-53.67780961393414,-6.377736459136823,6.377736459136823,-0.8255420129853945,-0.9368545130218169,-0.11131250003642236,0.11131250003642236,7.164
0009,pendulumStimulus,block,pendulum,53.41000000002574,5.235252547608159,oscillation,2.0403437390392125,1.916185449808836,0.028651912899317688,0.09550637633105896,10.681714757801394,10.031714757801394,0.15,0.5,111.25380918540006,25.137988138773274,19.713518337021583,-5.424469801751688,5.424469801751688,0.4387406603488748,0.3440658021333038,-0.09467485821557103,0.09467485821557103,8.966299999982118
0009,pendulumStimulus,block,pendulum,53.4099999999566,5.2352525476050475,oscillation,1.410941519721433,1.2867832304909825,0.028651912899334716,0.09550637633111572,7.38663518564337,6.73663518564337,0.15,0.5,111.2538091852916,-31.21567646451657,-37.04844882504231,-5.832772360525739,5.832772360525734,-0.544816332543117,-0.6466174147536129,-0.10180108221049589,0.10180108221049579,8.272800000011921
0009,pendulumStimulus,block,pendulum,53.41000000002155,5.2352525476079705,oscillation,1.221484701561694,1.097326412331313,0.02865191289931872,0.0955063763310624,6.39478089571502,5.74478089571502,0.15,0.5,111.25380918539346,52.02964421212816,38.14076156472665,-13.888882647401507,13.888882647401513,0.9080886001428474,0.6656818685225845,-0.24240673162026297,0.24240673162026305,4.47
0009,pendulumStimulus,block,pendulum,53.410000000030266,5.235252547608363,oscillation,1.6308569895969136,1.5066987003665417,0.02865191289931657,0.09550637633105524,8.537948209572148,7.887948209572148,0.15,0.5,111.25380918540715,24.473639928097242,17.08817400935458,-7.385465918742657,7.385465918742657,0.42714559669284513,0.29824489961695777,-0.12890069707588736,0.12890069707588736,10.32969999998808
0009,pendulumPractice,block,pendulum,21.07000000001208,4.3342701538667985,oscillation,1.4126639367484994,1.2626963581424206,0.034607902755248936,0.11535967585082978,6.122867138492996,5.472867138492996,0.15,0.5,62.45145404053578,-9.889770208183648,-10.024977065013594,-0.13520685682994765,0.13520685682994607,-0.1726090523984497,-0.17496885722140487,-0.0023598048229551694,0.002359804822955142,4.5942000000178815
0009,pendulumStimulus,block,pendulum,21.07000000000627,4.334270153866693,oscillation,1.8848396890269203,1.734872110420838,0.034607902755249775,0.1153596758508326,8.16940440897276,7.519404408972759,0.15,0.5,62.4514540405262,-39.68943346086797,-27.65835091159183,12.03108254927614,12.03108254927614,-0.692711292143354,-0.48272928907925244,0.20998200306410159,0.20998200306410159,7.740400000005961
0009,pendulumStimulus,block,pendulum,21.070000000021423,4.334270153866968,oscillation,2.042524644540016,1.8925570659339428,0.034607902755247576,0.11535967585082527,8.852853605367528,8.202853605367528,0.15,0.5,62.451454040551184,-40.69398808579549,-27.127597204344468,13.566390881451019,13.566390881451017,-0.710244077864476,-0.47346588937061995,0.23677818849385598,0.23677818849385596,4.070700000017881
0009,pendulumStimulus,block,pendulum,21.069999999979473,4.334270153866206,oscillation,1.268888597743005,1.1189210191369057,0.03460790275525366,0.11535967585084556,5.499705977778649,4.849705977778648,0.15,0.5,62.451454040482034,32.30063359654096,21.727788648429947,-10.572844948111017,10.572844948111012,0.5637524067399374,0.3792214510925512,-0.18453095564738625,0.1845309556473862,5.7969000000059605
0009,pendulumStimulus,block,pendulum,21.070000000010097,4.334270153866763,oscillation,1.8916855788727809,1.741718000266701,0.03460790275524922,0.11535967585083073,8.199076345008464,7.549076345008465,0.15,0.5,62.45145404053251,-17.450407841528964,-34.71357420328816,-17.263166361759197,17.263166361759197,-0.3045670726505173,-0.6058661649827458,-0.3012990923322285,0.3012990923322285,4.049
0009,pendulumStimulus,block,pendulum,21.07000000001091,4.334270153866777,oscillation,1.5643919644815432,1.4144243858754635,0.0346079027552491,0.11535967585083035,6.780497400601368,6.130497400601367,0.15,0.5,62.45145404053386,38.68231579104431,20.91631691233311,-17.765998878711198,17.765998878711198,0.675133772849918,0.3650585975107869,-0.31007517533913115,0.31007517533913115,3.735199999988079
0009,pendulumPractice,block,pendulum,26.950000000008274,4.447612408439597,oscillation,1.8010493725504702,1.65490354411304,0.03372596040863778,0.11241986802879261,8.010369537567822,7.360369537567823,0.15,0.5,71.79004313572972,-31.99476865786593,-30.880260355761646,1.114508302104282,1.114508302104282,-0.5584140564936476,-0.5389622170811162,0.01945183941253137,0.01945183941253137,4.035700000017881
0009,pendulumStimulus,block,pendulum,26.9499999999938,4.447612408439301,oscillation,1.418176867902659,1.2720310394652188,0.033725960408640024,0.1124198680288001,6.30750103504545,5.65750103504545,0.15,0.5,71.79004313570745,17.728819910235302,32.20504921735986,14.476229307124553,14.47622930712456,0.30942627992673155,0.5620841446097524,0.25265786468302087,0.252657864683021,8.735700000017882
0009,pendulumStimulus,block,pendulum,26.950000000024595,4.447612408439932,oscillation,1.5480853418320286,1.401939513394609,0.03372596040863524,0.11241986802878415,6.885283575656104,6.235283575656104,0.15,0.5,71.79004313575483,23.81818416353438,25.7264212352585,1.9082370717241224,1.9082370717241224,0.4157057355000464,0.44901075531024753,0.03330501981020112,0.03330501981020112,7.221800000011921
0009,pendulumStimulus,block,pendulum,26.950000000013056,4.447612408439696,oscillation,1.56857231622226,1.4224264877848327,0.03372596040863703,0.11241986802879013,6.976401697165118,6.326401697165117,0.15,0.5,71.79004313573708,-42.28798863667672,-33.14362413993083,9.144364496745888,9.144364496745888,-0.7380646357559568,-0.5784653672852668,0.15959926847069006,0.15959926847069006,4.95909999999404
0009,pendulumStimulus,block,pendulum,26.949999999983465,4.447612408439089,oscillation,2.1094973291237054,1.963351500686258,0.033725960408641634,0.11241986802880546,9.382226496579708,8.732226496579708,0.15,0.5,71.79004313569155,16.929399992798324,5.149663865802496,-11.779736126995829,11.779736126995829,0.29547377026143506,0.08987858982923298,-0.2055951804322021,0.2055951804322021,4.44909999999404
0009,pendulumStimulus,block,pendulum,26.95000000000216,4.447612408439473,oscillation,1.4845679408371468,1.3384221123997122,0.033725960408638726,0.11241986802879576,6.602782794838731,5.952782794838731,0.15,0.5,71.79004313572032,31.59759684349801,28.987662759881065,-2.6099340836169445,2.6099340836169445,0.5514821006368077,0.505930157617671,-0.045551943019136676,0.045551943019136676,3.985399999976158
0009,pendulumPractice,block,pendulum,59.28999999996443,5.53999641147794,oscillation,2.1018745771335627,1.984545981278643,0.02707582981267375,0.09025276604224583,11.64437761469665,10.99437761469665,0.15,0.5,120.83049743172735,25.269348910606695,27.86090725990753,2.591558349300837,2.591558349300834,0.44103333832532904,0.48626456427817794,0.04523122595284889,0.04523122595284884,6.828699999988079
0009,pendulumStimulus,block,pendulum,59.289999999982754,5.53999641147904,oscillation,1.1892171828268052,1.0718885869719088,0.027075829812668376,0.09025276604222791,6.588258925329714,5.9382589253297136,0.15,0.5,120.83049743175854,-25.458054326735486,-6.2622728106930605,19.195781516042427,19.195781516042427,-0.4443268691531225,-0.10929727920471347,0.33502958994840903,0.33502958994840903,11.72659999999404
0009,pendulumStimulus,block,pendulum,59.29000000000507,5.539996411480378,oscillation,1.6275978889507847,1.5102692930959165,0.027075829812661833,0.09025276604220611,9.016886464120386,8.366886464120386,0.15,0.5,120.8304974317965,53.87090966776489,56.83430525256519,2.963395584800297,2.963395584800303,0.940224744746942,0.99194575474077,0.051721009993828004,0.051721009993828115,4.07109999999404
0009,pendulumStimulus,block,pendulum,59.29000000002894,5.5399964114818125,oscillation,1.178401886504639,1.0610732906498015,0.02707582981265482,0.09025276604218274,6.528342222519099,5.878342222519098,0.15,0.5,120.83049743183716,-73.14541897519977,-74.5811086350775,-1.4356896598777218,1.4356896598777344,-1.2766283938679726,-1.3016859054696763,-0.025057511601703775,0.025057511601703997,5.495399999976158
0009,pendulumStimulus,block,pendulum,59.289999999997406,5.539996411479919,oscillation,1.1494701404781782,1.0321415446233004,0.027075829812664078,0.09025276604221359,6.368060453352426,5.718060453352425,0.15,0.5,120.83049743178347,-14.629405236723368,-5.740081925661271,8.889323311062096,8.889323311062096,-0.2553312889893232,-0.10018332893700557,0.15514796005231765,0.15514796005231765,12.448799999982118
0009,pendulumStimulus,block,pendulum,59.28999999999608,5.539996411479841,oscillation,1.5881073621758977,1.4707787663210183,0.02707582981266446,0.09025276604221487,8.798109087499189,8.148109087499188,0.15,0.5,120.83049743178123,7.295632280748137,-12.571747306113346,-19.867379586861485,19.867379586861485,0.1273328043138383,-0.21941838322040536,-0.34675118753424367,0.34675118753424367,7.874299999982119
0009,pendulumPractice,block,pendulum,15.189999999980332,4.233160722010236,oscillation,1.9598955748913942,1.8063460069242865,0.03543451568471708,0.11811505228239026,8.296552966871921,7.64655296687192,0.15,0.5,52.22951041132786,-15.535935073978312,-10.904127671203858,4.631807402774453,4.631807402774453,-0.27115321941699033,-0.190312929920329,0.08084028949666135,0.08084028949666135,2.6334000000059605
0009,pendulumStimulus,block,pendulum,15.190000000010162,4.233160722010722,oscillation,1.5155755956036923,1.3620260276366025,0.035434515684713015,0.11811505228237672,6.415675082547557,5.765675082547556,0.15,0.5,52.22951041138301,-13.027561948530339,-28.468305256655302,-15.440743308124967,15.440743308124967,-0.22737384950938247,-0.49686565919144443,-0.269491809682062,0.269491809682062,5.219
0009,pendulumStimulus,block,pendulum,15.190000000009958,4.2331607220107195,oscillation,1.2741879890052557,1.1206384210381657,0.035434515684713036,0.11811505228237679,5.393842547514875,4.743842547514874,0.15,0.5,52.229510411382634,9.414661778827877,5.149663865802496,-4.264997913025381,4.26499791302538,0.16431684600221264,0.08987858982923298,-0.07443825617297964,0.07443825617297962,3.033800000011921
0009,pendulumStimulus,block,pendulum,15.190000000004872,4.233160722010637,oscillation,1.44144516432043,1.2878955963533372,0.03543451568471372,0.11811505228237909,6.101869052533413,5.451869052533413,0.15,0.5,52.229510411373234,-29.411008479336008,-28.453713443021243,0.9572950363147669,0.9572950363147669,-0.513318934296384,-0.4966109839996926,0.016707950296691365,0.016707950296691365,3.2966999999880793
0009,pendulumStimulus,block,pendulum,15.18999999999241,4.2331607220104335,oscillation,1.5705732015738323,1.417023633606732,0.03543451568471543,0.11811505228238477,6.648488787944522,5.998488787944521,0.15,0.5,52.229510411350184,6.163663879513175,16.272099499616136,10.108435620102961,10.108435620102961,0.10757622868375197,0.28400171248042333,0.1764254837966714,0.1764254837966714,2.8494000000059603
0009,pendulumStimulus,block,pendulum,15.189999999975115,4.233160722010151,oscillation,1.8256370273264286,1.672087459359318,0.035434515684717796,0.11811505228239265,7.72821495672561,7.07821495672561,0.15,0.5,52.229510411318216,1.717112596968826,0.5937158903306217,-1.1233967066382042,1.1233967066382042,0.029969268444576418,0.010362297107678914,-0.019606971336897504,0.019606971336897504,6.165199999988079
0009,pendulumPractice,block,pendulum,41.6499999999725,4.808175108274674,oscillation,1.8485306163708088,1.7133441921323538,0.031196867131951182,0.10398955710650394,8.888058896517764,8.238058896517764,0.15,0.5,93.5833216984317,-28.76379720027033,-28.119210736736623,0.6445864635337076,0.6445864635337044,-0.502022966520644,-0.4907728104181945,0.011250156102449562,0.011250156102449504,4.337299999982118
0009,pendulumStimulus,block,pendulum,41.65000000001302,4.808175108275875,oscillation,1.6147764003759255,1.479589976137504,0.03119686713194339,0.10398955710647798,7.764127693718843,7.114127693718842,0.15,0.5,93.58332169849105,12.140390528401273,17.96403100556818,5.823640477166909,5.823640477166908,0.21188978719853635,0.31353148797751257,0.1016417007789762,0.10164170077897619,4.0675
0009,pendulumStimulus,block,pendulum,41.64999999999115,4.808175108275226,oscillation,1.90379758201709,1.7686111577786505,0.0311968671319476,0.10398955710649199,9.153792145049136,8.503792145049136,0.15,0.5,93.583321698459,21.63702873210044,14.011855686309806,-7.625173045790637,7.625173045790634,0.3776373917237668,0.24455301604039587,-0.13308437568337095,0.1330843756833709,5.144199999988079
0009,pendulumStimulus,block,pendulum,41.650000000043065,4.808175108276765,oscillation,1.9803644497802233,1.845178025541827,0.031196867131937617,0.10398955710645873,9.521939052749481,8.87193905274948,0.15,0.5,93.58332169853504,-60.644482483477944,-38.311108155534356,22.33337432794359,22.33337432794359,-1.0584458925047178,-0.6686549774017263,0.3897909151029915,0.3897909151029915,7.009299999982119
0009,pendulumStimulus,block,pendulum,41.649999999964834,4.808175108274447,oscillation,1.7835499416029486,1.648363517364487,0.031196867131952657,0.10398955710650887,8.57562043357964,7.92562043357964,0.15,0.5,93.58332169842046,-2.5066633582740163,-13.29683153325777,-10.790168174983755,10.790168174983751,-0.04374952884097983,-0.23207349033835398,-0.18832396149737415,0.18832396149737413,5.808899999976158
0009,pendulumStimulus,block,pendulum,41.649999999978824,4.808175108274861,oscillation,1.483630944734282,1.348444520495832,0.031196867131949968,0.10398955710649989,7.133557378337691,6.48355737833769,0.15,0.5,93.58332169844097,-57.39888530694132,-36.343001223114115,21.05588408382721,21.055884083827205,-1.001799535580722,-0.6343050313996675,0.36749450418105456,0.36749450418105445,3.701600000023842
0009,pendulumPractice,block,pendulum,9.309999999999258,4.142033564160426,oscillation,1.6170081694504013,1.4600804212968796,0.036214095727735714,0.12071365242578572,6.697702111385171,6.0477021113851706,0.15,0.5,40.31490917470708,1.3178429337399211,1.593904367632822,0.2760614338929009,0.2760614338929007,0.02300069821790309,0.02781887917711088,0.004818180959207788,0.004818180959207784,2.746
0009,pendulumStimulus,block,pendulum,9.310000000002733,4.142033564160476,oscillation,1.6565437568710861,1.4996160087175667,0.03621409572773527,0.12071365242578423,6.861459841460531,6.21145984146053,0.15,0.5,40.31490917471493,11.085119455236406,11.86843629083447,0.7833168355980632,0.7833168355980648,0.19347183247075547,0.2071432903382448,0.013671457867489328,0.013671457867489356,5.611199999988079
0009,pendulumStimulus,block,pendulum,9.310000000002656,4.142033564160475,oscillation,1.3196539399573326,1.162726191803813,0.036214095727735277,0.12071365242578426,5.466050912379885,4.816050912379884,0.15,0.5,40.31490917471476,-14.56027214117763,-22.642590441327144,-8.082318300149513,8.082318300149513,-0.2541246888499543,-0.39518775438175463,-0.1410630655318003,0.1410630655318003,8.23509999999404
0009,pendulumStimulus,block,pendulum,9.309999999994444,4.1420335641603545,oscillation,2.094512769755514,1.9375850216019899,0.03621409572773633,0.12071365242578778,8.675542192889807,8.025542192889807,0.15,0.5,40.31490917469621,-16.006880940527243,-17.902995657926354,-1.8961147173991133,1.8961147173991133,-0.279372775386927,-0.31246622020106335,-0.03309344481413634,0.03309344481413634,4.707799999982119
0009,pendulumStimulus,block,pendulum,9.30999999999393,4.142033564160347,oscillation,1.503041072086038,1.3461133239325136,0.036214095727736394,0.12071365242578799,6.225646568891922,5.575646568891922,0.15,0.5,40.314909174695046,17.563874643037373,17.46604430193569,-0.09783034110168258,0.09783034110168258,0.3065474419285459,0.3048399803679724,-0.0017074615605734977,0.0017074615605734977,2.6941999999880792
0009,pendulumStimulus,block,pendulum,9.30999999999111,4.142033564160305,oscillation,2.1089374160287715,1.9520096678752452,0.03621409572773677,0.12071365242578923,8.735289561904676,8.085289561904675,0.15,0.5,40.31490917468868,-10.562731353629239,-11.828162554503075,-1.2654312008738342,1.265431200873836,-0.18435444012446772,-0.20644038103718187,-0.022085940912714153,0.022085940912714184,2.565699999988079
0009,pendulumPractice,block,pendulum,35.77000000002331,4.647657590941253,oscillation,1.2883456192429452,1.1484902217052877,0.03227432250869017,0.10758107502896723,5.987789297030384,5.337789297030383,0.15,0.5,84.98019986835608,44.17093679842018,39.15653466004984,-5.014402138370338,5.014402138370332,0.770928280822755,0.6834104534891483,-0.08751782733360668,0.08751782733360657,4.017300000011921
0009,pendulumStimulus,block,pendulum,35.769999999979134,4.64765759094014,oscillation,1.9679024423457359,1.828047044808045,0.0322743225086979,0.10758107502899299,9.1461367243978,8.4961367243978,0.15,0.5,84.98019986829127,16.222226541893278,21.114403592409793,4.892177050516514,4.892177050516514,0.28313126516045156,0.3685158622824697,0.08538459712201812,0.08538459712201812,5.4225
0009,pendulumStimulus,block,pendulum,35.76999999997211,4.647657590939963,oscillation,1.5314843886516718,1.3916289911139756,0.03227432250869912,0.10758107502899708,7.117815044322992,6.467815044322991,0.15,0.5,84.98019986828095,54.738952546887184,51.23213506866304,-3.5068174782241446,3.5068174782241446,0.955374951036117,0.8941694397746212,-0.06120551126149587,0.06120551126149587,5.225200000017882
0009,pendulumStimulus,block,pendulum,35.769999999989686,4.6476575909404065,oscillation,1.4106078945550666,1.2707524970173836,0.032274322508696045,0.10758107502898681,6.55602248896932,5.906022488969319,0.15,0.5,84.98019986830676,-46.575686863417,-40.40637671211731,6.16931015129969,6.16931015129969,-0.8128990871444971,-0.705224312427608,0.10767477471688913,0.10767477471688913,4.534800000011921
0009,pendulumStimulus,block,pendulum,35.76999999999219,4.64765759094047,oscillation,1.9168326586003925,1.7769772610627115,0.03227432250869561,0.10758107502898535,8.908781856306716,8.258781856306715,0.15,0.5,84.98019986831041,16.890923428675563,12.869540485343341,-4.02138294333222,4.021382943332222,0.29480222753263813,0.22461585468795034,-0.0701863728446878,0.07018637284468783,6.394200000017881
0009,pendulumStimulus,block,pendulum,35.76999999998561,4.6476575909403035,oscillation,1.456853955190964,1.3169985576532781,0.03227432250869676,0.1075810750289892,6.770958343734689,6.120958343734689,0.15,0.5,84.98019986830077,-49.88106902141915,-38.87701676289022,11.00405225852892,11.004052258528933,-0.87058888883831,-0.6785319458654621,0.19205694297284792,0.19205694297284814,3.7595
0009,pendulumPractice,block,pendulum,44.59000000001778,4.899324052706384,oscillation,1.511670541328181,1.3789991782978177,0.030616468391622322,0.10205489463874108,7.406163842896838,6.756163842896838,0.15,0.5,97.90320773351084,47.94310863047783,45.21142071605645,-2.7316879144213786,2.731687914421385,0.8367650992431476,0.7890881509995574,-0.04767694824359015,0.047676948243590256,3.3765
0009,pendulumStimulus,block,pendulum,44.59000000003459,4.8993240527069295,oscillation,1.622347313289319,1.4896759502589703,0.030616468391618915,0.10205489463872973,7.9484052138428245,7.298405213842824,0.15,0.5,97.90320773353562,-17.333007897228114,-4.788462068371763,12.544545828856348,12.544545828856348,-0.3025180570808095,-0.0835744291999451,0.21894362788086438,0.21894362788086438,7.473800000011921
0009,pendulumStimulus,block,pendulum,44.59000000003722,4.899324052707016,oscillation,1.3037770856942705,1.171105722663924,0.030616468391618377,0.10205489463872792,6.387626435310195,5.737626435310195,0.15,0.5,97.90320773353952,-48.59807219665142,-46.05181987667576,2.5462523199756606,2.5462523199756606,-0.8481963699534805,-0.803755883383361,0.04444048657011946,0.04444048657011946,3.7819000000059604
0009,pendulumStimulus,block,pendulum,44.5900000000066,4.899324052706022,oscillation,1.5825657060675316,1.4498943430371583,0.030616468391624588,0.10205489463874863,7.753502228724345,7.103502228724345,0.15,0.5,97.90320773349433,-27.504488494698812,-40.4511630606405,-12.946674565941692,12.946674565941692,-0.4800438833093932,-0.7060059816692834,-0.22596209835989026,0.22596209835989026,5.338700000017881
0009,pendulumStimulus,block,pendulum,44.59000000002234,4.899324052706533,oscillation,1.4030158310968284,1.2703444680664688,0.030616468391621392,0.10205489463873797,6.873829207620738,6.223829207620738,0.15,0.5,97.90320773351756,29.973581059706532,22.269414001329345,-7.704167058377188,7.704167058377188,0.5231376781052901,0.388674596812922,-0.13446308129236811,0.13446308129236811,3.2532999999821186
0009,pendulumStimulus,block,pendulum,44.59000000004143,4.899324052707152,oscillation,1.646028272186188,1.5133569091558456,0.030616468391617524,0.10205489463872508,8.064425905357787,7.4144259053577874,0.15,0.5,97.90320773354571,-43.1143751930297,-46.02669223161347,-2.9123170385837716,2.9123170385837716,-0.7524878020585339,-0.8033173232437515,-0.05082952118521755,0.05082952118521755,2.640899999976158
0009,pendulumPractice,block,pendulum,18.13000000000009,4.282342728141154,oscillation,1.9461044614715624,1.7943183851893991,0.035027556065114575,0.11675852021704859,8.333886288785802,7.683886288785802,0.15,0.5,57.4863853667788,11.656454725447745,12.507102225514931,0.8506475000671871,0.8506475000671871,0.20344351406871478,0.21829011371874588,0.0148465996500311,0.0148465996500311,2.7015999999940394
0009,pendulumStimulus,block,pendulum,18.130000000009204,4.282342728141311,oscillation,2.0603341608354886,1.9085480845533311,0.0350275560651133,0.11675852021704433,8.823057011194985,8.173057011194985,0.15,0.5,57.48638536679459,-31.80095149858443,-21.654640218529813,10.146311280054615,10.146311280054615,-0.5550313089173231,-0.3779447701481296,0.17708653876919347,0.17708653876919347,3.6765999999940395
0009,pendulumStimulus,block,pendulum,18.12999999998955,4.282342728140973,oscillation,2.049320674645733,1.8975345983635634,0.03502755606511606,0.11675852021705353,8.775893488698108,8.125893488698107,0.15,0.5,57.48638536676053,11.208138714694474,11.94976405393968,0.7416253392452051,0.7416253392452051,0.19561892359166394,0.2085627275777127,0.012943803986048746,0.012943803986048746,4.556600000023842
0009,pendulumStimulus,block,pendulum,18.12999999999702,4.282342728141101,oscillation,1.6227811036212512,1.470995027339086,0.03502755606511501,0.11675852021705005,6.949304858457255,6.299304858457255,0.15,0.5,57.48638536677347,31.57407108521559,27.407570090257014,-4.166500994958574,4.166500994958574,0.5510714986957511,0.47835233804610433,-0.07271916064964679,0.07271916064964679,3.9595999999940394
0009,pendulumStimulus,block,pendulum,18.12999999999269,4.282342728141027,oscillation,1.3564411829272451,1.2046551066450775,0.035027556065115616,0.11675852021705206,5.808746035859501,5.158746035859501,0.15,0.5,57.48638536676596,33.26130567299744,25.994740683565098,-7.266564989432342,7.266564989432342,0.5805192975060737,0.45369381313033236,-0.12682548437574132,0.12682548437574132,6.51009999999404
0009,pendulumStimulus,block,pendulum,18.130000000016754,4.28234272814144,oscillation,1.5591631125705336,1.4073770362883806,0.035027556065112236,0.11675852021704079,6.676870817102799,6.0268708171027985,0.15,0.5,57.486385366807674,16.41232745864241,17.96914513328209,1.556817674639681,1.556817674639681,0.2864491520687835,0.3136207463444878,0.02717159427570426,0.02717159427570426,4.520700000017881
0009,pendulumPractice,block,pendulum,65.1700000000371,5.966582060679778,oscillation,1.4198125557413983,1.3108724635094404,0.02514002128429796,0.08380007094765986,8.471428124614535,7.821428124614535,0.15,0.5,131.49081685572423,85.77360700504344,78.36067021124695,-7.412936793796479,7.412936793796492,1.4970318535496805,1.3676516992557,-0.12938015429398053,0.12938015429398075,6.51209999999404
0009,pendulumStimulus,block,pendulum,65.16999999997724,5.9665820606744715,oscillation,1.908280331026739,1.7993402387946844,0.02514002128432032,0.0838000709477344,11.385911189842084,10.735911189842083,0.15,0.5,131.49081685560742,-70.11456115725282,-57.789069898056916,12.325491259195898,12.325491259195898,-1.2237299457849873,-1.008609541386237,0.21512040439875024,0.21512040439875024,9.36509999999404
0009,pendulumStimulus,block,pendulum,65.16999999997665,5.966582060674418,oscillation,2.0392494260705782,1.9303093338385224,0.02514002128432054,0.08380007094773514,12.167349042833315,11.517349042833315,0.15,0.5,131.49081685560625,-39.451939247429465,-54.19796174187841,-14.746022494448942,14.74602249444895,-0.688566236164418,-0.9459328802656993,-0.2573666441012813,0.2573666441012814,6.539899999976158
0009,pendulumStimulus,block,pendulum,65.16999999995427,5.966582060672436,oscillation,1.1376328310836243,1.0286927388515323,0.025140021284328896,0.08380007094776298,6.787779641575548,6.1377796415755475,0.15,0.5,131.49081685556257,-56.033171829079365,-56.607777719305616,-0.5746058902262496,0.5746058902262433,-0.9779633387531683,-0.9879921034389695,-0.010028764685801161,0.01002876468580105,4.790200000017881
0009,pendulumStimulus,block,pendulum,65.16999999997844,5.96658206067458,oscillation,1.343782477630277,1.234842385398224,0.02514002128431986,0.08380007094773287,8.01778842447765,7.3677884244776495,0.15,0.5,131.49081685560978,-82.24588406747742,-85.75996476950814,-3.5140807020307423,3.5140807020307423,-1.435461473191027,-1.4967937516222571,-0.061332278431230236,0.061332278431230236,4.196199999988079
0009,pendulumStimulus,block,pendulum,65.17000000002085,5.966582060678337,oscillation,1.5675719385872586,1.4586318463552743,0.02514002128430403,0.0838000709476801,9.3530466075975,8.7030466075975,0.15,0.5,131.49081685569251,-20.876598559746604,-31.0813434311547,-10.204744871408096,10.204744871408096,-0.3643653814846844,-0.542471778816761,-0.17810639733207662,0.17810639733207662,5.552300000011921
